<!-- Items visibility:
     osd_configuration=1 is always visible 
     osd_configuration=4 is visible when tracking
     osd_configuration=6 is visible when routing
!-->
<osd name="ifroute" update_period="2" type="cmd_interface" h="1" w="1" x="-1" y="-1" command='osd_configuration= route.route_status==33 ? 8 : 4 ' />
<!-- top -->
<osd x="0" y="0" w="40" h="40" enabled="yes" type="gps_status" background_color="#00000080" osd_configuration="12"/>
<osd x="40" y="0" w="500" h="40" align="0" type="text" label="${tracking.item.street_name} ${tracking.item.street_name_systematic}" font_size="300" background_color="#00000080" osd_configuration="12"/>
<osd x="540" y="0" w="260" h="40" type="text" font_size="300" align="0" label="${vehicle.position_time_iso8601[local;%H:%M]} ${navigation.item.destination_length[named]} / ${navigation.item.destination_time[remaining]}" background_color="#00000080" />
<osd x="0" y="40"  w="40" h="40" type="navigation_next_turn" background_color="#00000050" icon_src="%s_wh_32_32.png" osd_configuration="8" />
<osd x="40" y="40" w="600" h="40" align="4" type="text" label="${navigation.item[1].name} toward ${navigation.item[1].street_destination}" font_size="400" background_color="#00000040" osd_configuration="8"/>


<!-- right panel -->
<osd x="-160" y="40"  w="160" h="32" font_size="250" type="text" label="Alt : ${vehicle.position_height} m" />
<osd x="-160" y="72"  w="160" h="115" type="navigation_next_turn" icon_src="%s_wh_70_70.png" background_color="#00000080" osd_configuration="8"/>
<osd x="-160" y="187" w="160" h="40" type="text" label="${navigation.item[1].length[named]}" font_size="500" background_color="#00000080" osd_configuration="8"/>
<osd x="-160" y="255" w="85"  h="64" type="button" src="${NAVIT_SHAREDIR}/navit-nuc-layout/zoom_in_64_64.png" command="zoom_in()" osd_configuration="12" osd_configuration="12"/>
<osd x="-70"  y="255" w="85"  h="64" type="button" src="${NAVIT_SHAREDIR}/navit-nuc-layout/zoom_out_64_64.png" command="zoom_out()" osd_configuration="12" osd_configuration="12"/>


<!-- bottom -->
<osd x="-160" y="-84" type="j1850" background_color="#00000080"/>
<osd x="0" y="-84" w="192" type="${vehicle.position_coord_geo}" background_color="#00000080"/>
<osd x="0" y="-134" w="160" h="26" font_size="150" type="scale" osd_configuration="12"/>
<osd x="0" y="-96" w="260" h="32" font_size="250" type="text" label="${vehicle.position_coord_geo[pos_deg]}" />

<!-- media -->
<osd x="0"    y="-64" w="800"  h="64" type="image"  src="${NAVIT_SHAREDIR}/navit-nuc-layout/bottom_banner.png" />

<osd x="0"    y="-64" w="64"  h="64" type="button" src="${NAVIT_SHAREDIR}/navit-nuc-layout/audio-volume-low.png"      accesskey="-" command='volume_down()'/>
<osd x="64"   y="-64" w="64"  h="64" type="button" src="${NAVIT_SHAREDIR}/navit-nuc-layout/gtk-media-forward-rtl.png" accesskey="a" command='audio_playback_previous()'/>
<osd x="128"  y="-64" w="64"  h="64" type="button" src="${NAVIT_SHAREDIR}/navit-nuc-layout/gtk_media_play_ltr.png"    accesskey="e" command='audio_playback_toggle()'/>
<osd x="192"  y="-64" w="64"  h="64" type="button" src="${NAVIT_SHAREDIR}/navit-nuc-layout/audio-volume-muted-blocking-panel.png"    accesskey="m" command='volume_toggle()'/>

<osd x="-64"  y="-64" w="64"  h="64" type="button" src="${NAVIT_SHAREDIR}/navit-nuc-layout/audio-volume-high.png"     accesskey="1" command='volume_up()'/>
<osd x="-128" y="-64" w="64"  h="64" type="button" src="${NAVIT_SHAREDIR}/navit-nuc-layout/gtk_media_forward_ltr.png" accesskey="z" command='audio_playback_next()'/>
<osd x="-328" y="-64" w="64"  h="64" type="button" src="${NAVIT_SHAREDIR}/navit-nuc-layout/slr-camera-icon.png"       command='spawn("/bin/bash","/home/navit/.navit/take_screenshot.sh")' />

<osd name="icon_route_status" enabled="yes" type="button" command="" src="${NAVIT_SHAREDIR}/navit-nuc-layout/no_destination.xpm" x="-196" y="-63" />
<osd name="my_osd_cmdif_1" h="1" w="1"  update_period="2"  enabled="yes" type="cmd_interface" x="-196"  y="-63" command='
    osd[@name=="icon_route_status"].src = 
    route.route_status==1     ? "${NAVIT_SHAREDIR}/navit-nuc-layout/destination_set.xpm" : 
    (route.route_status==0     ? "${NAVIT_SHAREDIR}/navit-nuc-layout/no_destination.xpm" :  
    (route.route_status==3     ? "${NAVIT_SHAREDIR}/navit-nuc-layout/no_route.xpm" : 
    (route.route_status==5     ? "${NAVIT_SHAREDIR}/navit-nuc-layout/calculating_route.xpm" : 
    (route.route_status==13    ? "${NAVIT_SHAREDIR}/navit-nuc-layout/calculating_route.xpm" : 
    (route.route_status==17    ? "${NAVIT_SHAREDIR}/navit-nuc-layout/route.xpm" : 
    (route.route_status==33    ? "${NAVIT_SHAREDIR}/navit-nuc-layout/route.xpm" : "unhandled"
    )))))))
    '  />
<osd name="button_3d" enabled="yes" type="button" x="-264" y="-63" src="${NAVIT_SHAREDIR}/navit-nuc-layout/3D.xpm" use_overlay="1" accesskey=" " command='
pitch=pitch==0?20:0;
orientation=pitch==0?0:-1;
osd[@name=="button_3d"].src = pitch==0?"${NAVIT_SHAREDIR}/navit-nuc-layout/2D.xpm":"${NAVIT_SHAREDIR}/navit-nuc-layout/3D.xpm";
zoom=pitch==0?200:15;
' 
/>
<osd enabled="yes" type="button" x="-392" y="-64" w="64" h="64"
    command="orientation=orientation==0?-1:0;pitch=pitch==0?15:0;zoom=32;pitch==0?zoom_to_route()"
    src="gui_map_64_64.png" osd_configuration="8"/>
